auc_scores,accuracy_scores,precision_scores,recall_scores,f1_scores,confusion_matrices
0.927775067444334,0.8368366129994037,0.49458102035421625,0.8710428305400373,0.6309222728039117,"[[9356 1912]
 [ 277 1871]]"
0.9382175359895923,0.8727638640429338,0.5686701962005606,0.8500931098696461,0.68147042358649,"[[9883 1385]
 [ 322 1826]]"
0.9365981943890809,0.8837209302325582,0.5982620320855615,0.8333333333333334,0.6964980544747081,"[[10066  1202]
 [  358  1790]]"
0.935520258420378,0.88536076326774,0.6058292852185982,0.8128491620111732,0.694234592445328,"[[10132  1136]
 [  402  1746]]"
0.9369101306314614,0.8753726893261777,0.573729863692689,0.8621973929236499,0.6889880952380952,"[[9892 1376]
 [ 296 1852]]"
