auc_scores,accuracy_scores,precision_scores,recall_scores,f1_scores,confusion_matrices
0.924760193332712,0.8311717352415027,0.4848170256942642,0.8696461824953445,0.6225629061823029,"[[9283 1985]
 [ 280 1868]]"
0.9329002831967919,0.8654591532498509,0.551985450136405,0.8477653631284916,0.6686249311547641,"[[9790 1478]
 [ 327 1821]]"
0.9328745432922884,0.8794722719141324,0.5875370919881305,0.8296089385474861,0.6878980891719745,"[[10017  1251]
 [  366  1782]]"
0.9322632722053983,0.8819320214669052,0.5946944257891202,0.824487895716946,0.6909871244635193,"[[10061  1207]
 [  377  1771]]"
0.9343705977739569,0.8710494931425165,0.5637973137973138,0.8598696461824954,0.681047197640118,"[[9839 1429]
 [ 301 1847]]"
