auc_scores,accuracy_scores,precision_scores,recall_scores,f1_scores,confusion_matrices
0.9225268951015021,0.8264758497316637,0.4770875763747454,0.87243947858473,0.6168531928900592,"[[9214 2054]
 [ 274 1874]]"
0.9320414049707515,0.8705277280858676,0.5629788538155072,0.8552141527001862,0.678987248198115,"[[9842 1426]
 [ 311 1837]]"
0.9316201464373329,0.8805903398926654,0.5909393737508328,0.8258845437616388,0.6889320388349515,"[[10040  1228]
 [  374  1774]]"
0.9285696991992618,0.8813357185450209,0.5954015099519561,0.8077281191806331,0.6854998024496246,"[[10089  1179]
 [  413  1735]]"
0.9330279085017871,0.8709004174120453,0.5641579272054288,0.8514897579143389,0.6786641929499072,"[[9855 1413]
 [ 319 1829]]"
